5	70067122	982121	A	G	.	.	ALLELEID=970213;CLNDISDB=MedGen:CN169374;CLNDN=not_specified;CLNHGVS=NC_000005.10:g.70067122A>G;CLNREVSTAT=criteria_provided,_single_submitter;CLNSIG=Benign;CLNSIGSCV=SCV001438933;CLNVC=single_nucleotide_variant;CLNVCSO=SO:0001483;CLNVI=ClinGen:CA444896365;GENEINFO=SMN2:6607;MC=SO:0001819|synonymous_variant;ORIGIN=1;RS=1450194682
5	70074624	1027370	C	T	.	.	ALLELEID=1015116;CLNDISDB=MONDO:MONDO:0009669,MedGen:C5848259,OMIM:253300,Orphanet:83330;CLNDN=Werdnig-Hoffmann_disease;CLNHGVS=NC_000005.10:g.70074624C>T;CLNREVSTAT=no_assertion_criteria_provided;CLNSIG=Uncertain_significance;CLNSIGSCV=SCV001519037;CLNVC=single_nucleotide_variant;CLNVCSO=SO:0001483;CLNVI=ClinGen:CA560271111;GENEINFO=SMN2:6607;MC=SO:0001627|intron_variant;ORIGIN=4;RS=1381625877
5	70076477	1027371	A	G	.	.	AF_EXAC=0.00001;ALLELEID=1015117;CLNDISDB=MONDO:MONDO:0009669,MedGen:C5848259,OMIM:253300,Orphanet:83330;CLNDN=Werdnig-Hoffmann_disease;CLNHGVS=NC_000005.10:g.70076477A>G;CLNREVSTAT=no_assertion_criteria_provided;CLNSIG=Uncertain_significance;CLNSIGSCV=SCV001519036;CLNVC=single_nucleotide_variant;CLNVCSO=SO:0001483;CLNVI=ClinGen:CA3294933;GENEINFO=SMN2:6607;MC=SO:0001627|intron_variant;ORIGIN=0;RS=212216
5	70076521	2337011	G	A	.	.	AF_EXAC=0.00002;ALLELEID=2322006;CLNDISDB=MedGen:CN169374;CLNDN=not_specified;CLNHGVS=NC_000005.10:g.70076521G>A;CLNREVSTAT=criteria_provided,_single_submitter;CLNSIG=Uncertain_significance;CLNSIGSCV=SCV003670490;CLNVC=single_nucleotide_variant;CLNVCSO=SO:0001483;CLNVI=ClinGen:CA3294939;GENEINFO=SMN2:6607;MC=SO:0001583|missense_variant,SO:0001627|intron_variant;ORIGIN=1;RS=752716074
5	70076526	3388533	T	C	.	.	ALLELEID=3547659;CLNDISDB=MedGen:C3661900;CLNDN=not_provided;CLNHGVS=NC_000005.10:g.70076526T>C;CLNREVSTAT=criteria_provided,_single_submitter;CLNSIG=Likely_benign;CLNSIGSCV=SCV005436186;CLNVC=single_nucleotide_variant;CLNVCSO=SO:0001483;GENEINFO=SMN2:6607;MC=SO:0001627|intron_variant,SO:0001819|synonymous_variant;ORIGIN=1
5	70076545	7962	G	C	.	.	AF_EXAC=0.00344;AF_TGP=0.00100;ALLELEID=23001;CLNDISDB=Human_Phenotype_Ontology:HP:0007269,MONDO:MONDO:0001516,MeSH:D009134,MedGen:C0026847|MedGen:CN169374|MONDO:MONDO:0009672,MedGen:C0152109,OMIM:253400,Orphanet:70,Orphanet:83419|.;CLNDN=Spinal_muscular_atrophy|not_specified|Kugelberg-Welander_disease|Spinal_muscular_atrophy,_modifier_of;CLNHGVS=NC_000005.10:g.70076545G>C;CLNREVSTAT=criteria_provided,_conflicting_classifications;CLNSIG=Conflicting_classifications_of_pathogenicity;CLNSIGCONF=Likely_pathogenic(1)|Uncertain_significance(1)|Likely_benign(2);CLNSIGSCV=SCV002073746|SCV002769509|SCV005039397|SCV006053989;CLNVC=single_nucleotide_variant;CLNVCSO=SO:0001483;CLNVI=ClinGen:CA119187|Genetic_Testing_Registry_(GTR):GTR000597433|OMIM:601627.0001;GENEINFO=SMN2:6607;MC=SO:0001583|missense_variant,SO:0001627|intron_variant;ORIGIN=1;RS=121909192
5	70076555	3362672	C	G	.	.	ALLELEID=3521881;CLNDISDB=MONDO:MONDO:0009672,MedGen:C0152109,OMIM:253400,Orphanet:70,Orphanet:83419;CLNDN=Kugelberg-Welander_disease;CLNHGVS=NC_000005.10:g.70076555C>G;CLNREVSTAT=criteria_provided,_single_submitter;CLNSIG=Likely_benign;CLNSIGSCV=SCV005374277;CLNVC=single_nucleotide_variant;CLNVCSO=SO:0001483;GENEINFO=SMN2:6607;MC=SO:0001587|nonsense,SO:0001627|intron_variant;ORIGIN=1
